Dia,Hora,DD Inst,FF Inst,Ts,Td,TMin,TMax,Humedad ( % ),WW,VV,Reinante,Minima,Qfe,Qff,Qnh,N,Nh,CL,CM,CH,Hs1,RR 06 ( mm )
1,0:00,70,3,-0.1,-0.9,,8.8,94,,,,,1000.7,1019.7,1018.9,,,,,,,s/p
1,1:00,48,6,-0.9,-1.3,,,97,,,,,1001.3,1020.4,1019.5,,,,,,,
1,2:00,52,3,-1.5,-2,,,96,,,,,1001.7,1020.8,1019.9,,,,,,,
1,3:00,27,4,-2,-2.2,,,98,43,200,200,,1001.8,1020.9,1019.9,9,,,,,,
1,4:00,50,5,-2.8,-2.9,,,99,,,,,1001.9,1021.1,1020.1,,,,,,,
1,5:00,90,3,-3.5,-3.6,,,99,,,,,1001.7,1021,1019.9,,,,,,,
1,6:00,8,3,-4.7,-4.9,,,98,,,,,1001.7,1021,1019.9,,,,,,,s/p
1,7:00,29,3,-4.4,-4.9,,,96,,,,,1001.5,1020.8,1019.7,,,,,,,
1,8:00,0,0,-4.8,-5.2,,,97,,,,,1001.3,1020.7,1019.5,,,,,,,
1,9:00,,,,,,,,,,,,,,,,,,,,,
1,10:00,0,0,-5.9,-6.4,,,96,,,,,1001.6,1021,1019.8,,,,,,,
1,11:00,0,0,-5.9,-6.4,,,96,,,,,1001.7,1021.1,1019.9,,,,,,,
1,12:00,0,0,-6.3,-6.8,-6.3,,96,,,,,1001.9,1021.4,1020.1,,,,,,,s/p
1,13:00,0,0,-5.8,-6.3,,,96,,,100,,1002.1,1021.5,1020.2,9,,,,,,
1,14:00,0,0,-4.2,-4.6,,,97,,,200,,1002.2,1021.5,1020.3,9,,,,,,
1,15:00,287,1,-2.8,-3,,,98,45,200,200,,1002.1,1021.3,1020.2,9,,,,,,
1,16:00,272,3,-1.5,-1.5,,,100,,,300,,1001.7,1020.8,1019.8,9,,,,,,
1,17:00,293,2,-0.5,-0.6,,,99,,,500,,1001.1,1020.1,1019.2,9,,,,,,
1,18:00,246,2,2.2,1,,,92,28,800,800,,1000.5,1019.3,1018.6,4,4,6,0,0,60,s/p
1,19:00,4,2,5.5,1.1,,,73,,,2000,,1000.4,1019,1018.5,0,0,0,0,0,,
1,20:00,29,3,6.8,0.9,,,66,,,3000,,1000.2,1018.7,1018.3,0,0,0,0,0,,
1,21:00,24,4,6.4,0.3,,,65,5,5000,5000,,1000.4,1018.9,1018.5,4,0,0,0,0,6000,
1,22:00,358,3,3.4,0.5,,,81,,,5000,,1000.8,1019.5,1018.9,4,0,0,0,0,6000,
1,23:00,355,4,1.4,0.2,,,92,,,,,1001.2,1020.1,1019.4,,,,,,,
2,0:00,62,4,0.1,-0.8,,7.1,94,,,,,1001.3,1020.3,1019.5,,,,,,,s/p
2,1:00,82,4,-0.1,-0.8,,,95,,,,,1001.4,1020.4,1019.6,,,,,,,
2,2:00,80,4,0,-0.7,,,95,,,,,1001.5,1020.5,1019.7,,,,,,,
2,3:00,67,3,1.2,0.2,,,93,,,,,1001.5,1020.4,1019.7,,,,,,,
2,4:00,53,4,2.3,1.1,,,92,,,,,1001.5,1020.4,1019.7,,,,,,,
2,5:00,304,4,2.9,1.6,,,91,,,,,1001.4,1020.2,1019.6,,,,,,,
2,6:00,301,1,2.3,1.4,,,94,,,,,1001.4,1020.3,1019.6,,,,,,,s/p
2,7:00,43,3,2.7,1.7,,,93,,,,,1001.4,1020.2,1019.6,,,,,,,
2,8:00,42,4,2.7,1.7,,,93,,,,,1001.3,1020.1,1019.5,,,,,,,
2,9:00,16,4,1.4,0.7,,,95,,,,,1001.5,1020.4,1019.7,,,,,,,
2,10:00,0,0,1.4,1,,,97,,,,,1001.8,1020.7,1020,,,,,,,
2,11:00,96,2,2.3,1.7,,,96,,,,,1001.8,1020.7,1020,,,,,,,
2,12:00,137,1,2.6,2,-0.7,,96,,,,,1001.7,1020.5,1019.9,,,,,,,s/p
2,13:00,335,4,1.2,0.6,,,96,,,4000,,1002.2,1021.1,1020.3,5,5,5,1,1,450,
2,14:00,29,3,6.5,3.3,,,80,,,60000,,1001.9,1020.4,1020,3,3,0,1,1,3000,
2,15:00,8,7,9.7,4.7,,,71,5,6000,6000,,1002.3,1020.6,1020.4,4,4,1,1,1,600,
2,16:00,21,11,12.3,4.6,,,59,,,10000,,1001.9,1020.1,1020,4,4,0,1,1,2100,
2,17:00,24,12,13.4,3,,,49,,,10000,,1001.1,1019.2,1019.2,3,3,1,0,0,900,
2,18:00,28,13,13.9,4,,,51,2,10000,10000,,1000.3,1018.3,1018.4,3,3,1,0,0,750,s/p
2,19:00,2,13,13.7,4.1,,,52,,,10000,,999.6,1017.6,1017.7,3,3,2,3,3,600,
2,20:00,15,9,13.2,3.9,,,53,,,10000,,999.1,1017.1,1017.2,6,4,2,3,3,600,
2,21:00,27,6,12.4,4.4,,,58,3,10000,10000,,998.8,1016.9,1016.9,5,2,1,7,7,900,
2,22:00,34,4,11,4.7,,,65,,,10000,,998.9,1017.1,1017,5,1,1,3,3,900,
2,23:00,58,7,10.3,5.1,,,70,,,,,998.2,1016.5,1016.3,,,,,,,
3,0:00,39,9,10.6,5.2,,14.5,69,,,,,998.1,1016.4,1016.2,,,,,,,s/p
3,1:00,20,8,9.6,5.6,,,76,,,,,998.3,1016.6,1016.4,,,,,,,
3,2:00,58,9,8.9,7.4,,,90,,,,,997.7,1016,1015.8,,,,,,,
3,3:00,76,7,8.7,7.5,,,92,,,,,997.4,1015.8,1015.5,,,,,,,
3,4:00,99,8,8.6,7.4,,,92,,,,,997.2,1015.6,1015.3,,,,,,,
3,5:00,158,4,8.2,7.5,,,95,,,,,996.3,1014.7,1014.4,,,,,,,
3,6:00,102,6,8.7,7.3,,,91,,,,,995.4,1013.7,1013.5,,,,,,,4.2
3,7:00,359,4,8,7.6,,,97,,,,,995.5,1013.9,1013.6,,,,,,,
3,8:00,52,10,8.5,7.8,,,95,,,,,994.6,1012.9,1012.6,,,,,,,
3,9:00,39,13,8.7,8,,,95,,,,,994,1012.3,1012,,,,,,,
3,10:00,31,13,8.7,8.1,,,96,,,,,993.9,1012.2,1011.9,,,,,,,
3,11:00,26,21,8.9,7.8,,,93,,,,,994.2,1012.5,1012.2,,,,,,,
3,12:00,26,20,9.1,7.4,7.9,,89,,,,,994.4,1012.7,1012.4,,,,,,,14.6
3,13:00,35,16,9.1,7.4,,,89,,,7000,,994.4,1012.6,1012.4,8,2,7,2,,300,
3,14:00,27,16,9.1,7.6,,,90,,,10000,,995.2,1013.4,1013.2,8,1,7,2,,450,
3,15:00,37,18,9.6,7.6,,,88,2,10000,10000,,995.1,1013.3,1013.1,8,5,7,,,300,
3,16:00,36,18,9.5,8.3,,,92,,,3000,,995.4,1013.6,1013.4,8,3,7,2,,450,
3,17:00,26,14,9.9,8.5,,,91,,,8000,,994.8,1013,1012.8,8,5,7,2,,60,
3,18:00,29,16,9.9,8.8,,,93,21,8000,8000,,994.5,1012.7,1012.5,8,5,7,2,,45,2.4
3,19:00,32,19,10.5,8.8,,,89,,,9000,,994.4,1012.5,1012.4,8,5,7,2,,450,
3,20:00,32,17,10.5,9.3,,,92,,,8000,,994.5,1012.6,1012.5,8,5,7,2,,300,
3,21:00,33,18,10.6,9.2,,,91,61,8000,8000,,994.2,1012.3,1012.2,8,6,7,2,,600,
3,22:00,31,15,10.3,9.2,,,93,,,5000,,994.8,1013,1012.8,8,8,0,2,,450,
3,23:00,27,15,10.5,9.3,,,92,,,,,995.1,1013.3,1013.2,,,,,,,
4,0:00,28,15,10.4,9.5,,10.7,94,,,,,995.2,1013.4,1013.3,,,,,,,2
4,1:00,29,16,10.6,9.5,,,93,,,,,995.3,1013.5,1013.4,,,,,,,
4,2:00,31,15,10.5,9.7,,,95,,,,,995.3,1013.5,1013.4,,,,,,,
4,3:00,33,13,10.7,9.6,,,93,,,,,995,1013.2,1013,,,,,,,
4,4:00,34,9,10.4,9.5,,,94,,,,,995.1,1013.3,1013.2,,,,,,,
4,5:00,49,10,10.3,9.4,,,94,,,8000,,994.8,1013,1012.8,8,3,7,2,,600,
4,6:00,40,9,10.3,9.5,,,95,61,8000,8000,,994.8,1013,1012.8,8,4,7,2,,450,2
4,7:00,48,10,10.1,9.3,,,95,,,8000,,994.6,1012.8,1012.6,8,2,7,2,,600,
4,8:00,63,11,10.4,9.5,,,94,,,9000,,994.1,1012.2,1012.1,8,3,7,2,,600,
4,9:00,38,12,10.5,9.6,,,94,61,8000,8000,,994,1012.1,1012,8,4,7,2,,600,
4,10:00,82,9,10.6,9.5,,,93,,,9000,,993.6,1011.7,1011.6,8,3,7,2,,600,
4,11:00,73,7,10.4,9.3,,,93,,,9000,,994,1012.1,1012,8,3,6,2,,900,
4,12:00,89,11,10.1,8.9,10.1,,92,,,,,993.6,1011.8,1011.6,,,,,,,5.4
4,13:00,7,3,10.1,9.5,,,96,,,4000,,994.5,1012.7,1012.5,8,3,7,2,,900,
4,14:00,71,5,10.7,10.2,,,97,,,4000,,994.4,1012.5,1012.4,8,2,7,2,,1200,
4,15:00,63,9,11.2,10.4,,,95,63,4000,4000,,994.6,1012.7,1012.6,8,2,7,2,,300,
4,16:00,64,15,11.8,10.4,,,91,,,2000,,993.5,1011.5,1011.5,8,4,7,2,,900,
4,17:00,53,15,11.6,10.5,,,93,,,2000,,993.8,1011.9,1011.8,8,2,6,2,,600,
4,18:00,53,14,11.6,10.7,,,94,21,2000,2000,,993.7,1011.8,1011.7,8,3,6,2,,600,11.6
4,19:00,46,10,11.7,10.8,,,94,,,3000,,994,1012.1,1012,8,2,7,2,,600,
4,20:00,41,11,11.8,11,,,95,,,2000,,994.4,1012.5,1012.4,8,2,7,2,,600,
4,21:00,55,8,11.7,11.2,,,97,21,2000,2000,,994.6,1012.7,1012.6,8,4,4,2,,600,
4,22:00,40,13,12.6,11.5,,,93,,,2000,,995.3,1013.3,1013.3,8,4,4,2,,600,
4,23:00,37,15,12.1,10.8,,,92,,,,,995.8,1013.9,1013.9,,,,,,,
5,0:00,46,14,11.9,10.5,,12.7,91,,,,,996.3,1014.4,1014.4,,,,,,,4.8
5,1:00,51,14,11.6,9.9,,,89,,,,,996.4,1014.6,1014.5,,,,,,,
5,2:00,43,14,11.8,9.4,,,85,,,,,997,1015.1,1015.1,,,,,,,
5,3:00,52,11,11.7,9.1,,,84,,,,,997.4,1015.6,1015.5,,,,,,,
5,4:00,45,16,11.9,9.3,,,84,,,,,997.8,1016,1015.9,,,,,,,
5,5:00,58,9,11.6,9.4,,,86,,,,,997.6,1015.8,1015.7,,,,,,,
5,6:00,59,5,11.3,9.2,,,87,,,,,997.7,1015.9,1015.8,,,,,,,0.2
5,7:00,58,4,11,8.9,,,87,,,,,998,1016.2,1016.1,,,,,,,
5,8:00,49,6,11.1,8.9,,,86,,,,,998.6,1016.8,1016.7,,,,,,,
5,9:00,71,8,10.7,8.5,,,86,,,,,998.6,1016.9,1016.7,,,,,,,
5,10:00,66,7,11,9.1,,,88,,,,,999.4,1017.6,1017.5,,,,,,,
5,11:00,47,10,11.5,9.6,,,88,,,,,1000.1,1018.3,1018.2,,,,,,,
5,12:00,36,9,11.7,9.1,10.3,,84,,,,,1001.1,1019.3,1019.3,,,,,,,s/p
5,13:00,19,9,11.8,9.2,,,84,,,10000,,1001.9,1020.1,1020,8,4,4,2,,450,
5,14:00,45,9,11.9,9.7,,,86,,,8000,,1002.4,1020.6,1020.5,8,4,4,2,,450,
5,15:00,41,16,12.1,9.7,,,85,25,8000,8000,,1002.7,1020.9,1020.8,8,4,4,2,,450,
5,16:00,54,12,12.2,10.3,,,88,,,8000,,1002.8,1020.9,1021,8,4,4,2,,450,
5,17:00,36,9,13.1,10.5,,,84,,,10000,,1002.2,1020.3,1020.3,8,4,8,,,300,
5,18:00,30,10,14.4,10.4,,,76,2,10000,10000,,1001.9,1019.9,1020,8,8,8,,,300,0.2
5,19:00,8,8,14.7,10.4,,,75,,,10000,,1001.6,1019.6,1019.7,8,4,4,5,,450,
5,20:00,27,8,14.9,9.9,,,72,,,10000,,1001.3,1019.3,1019.4,8,4,4,5,,450,
5,21:00,23,5,14.5,10,,,74,2,10000,10000,,1001.7,1019.7,1019.8,7,3,8,7,7,600,
5,22:00,36,3,13.2,10.2,,,82,,,10000,,1002.1,1020.2,1020.2,6,2,8,0,0,300,
5,23:00,35,5,12.4,9.8,,,84,,,,,1002.6,1020.8,1020.8,,,,,,,
6,0:00,19,5,11.5,8.6,,15,82,,,,,1002.8,1021.1,1021,,,,,,,s/p
6,1:00,22,5,11.1,8.7,,,85,,,,,1003.1,1021.4,1021.3,,,,,,,
6,2:00,34,4,11,8.8,,,86,,,,,1003.5,1021.8,1021.7,,,,,,,
6,3:00,34,6,9.1,7.9,,,92,,,,,1003.5,1021.9,1021.7,,,,,,,
6,4:00,58,4,8.5,7.4,,,93,,,,,1004,1022.5,1022.2,,,,,,,
6,5:00,50,6,8.3,7.5,,,95,,,,,1003.5,1022,1021.7,,,,,,,
6,6:00,63,7,9.1,7.9,,,92,,,,,1003.7,1022.1,1021.9,,,,,,,s/p
6,7:00,59,7,9.1,8,,,93,,,,,1003.5,1021.9,1021.7,,,,,,,
6,8:00,61,6,9.1,8.3,,,95,,,,,1003.3,1021.8,1021.5,,,,,,,
6,9:00,48,6,9.4,8.5,,,94,,,,,1003.3,1021.7,1021.5,,,,,,,
6,10:00,53,6,9.7,8.9,,,95,,,,,1003.2,1021.6,1021.4,,,,,,,
6,11:00,54,6,9.8,8.7,,,93,,,,,1003.2,1021.6,1021.4,,,,,,,
6,12:00,53,6,10.3,9.2,8,,93,,,,,1003.6,1021.9,1021.8,,,,,,,s/p
6,13:00,52,7,10.4,9.3,,,93,,,8000,,1003.5,1021.8,1021.7,5,4,4,1,1,600,
6,14:00,30,9,12.7,9.7,,,82,,,10000,,1003.4,1021.6,1021.6,5,5,1,1,1,450,
6,15:00,24,11,12.8,9.7,,,81,2,10000,10000,,1003.3,1021.5,1021.5,5,5,4,1,1,450,
6,16:00,19,8,13,10,,,82,,,10000,,1003.3,1021.4,1021.5,7,7,4,0,0,450,
6,17:00,23,7,14.7,10.8,,,77,,,10000,,1002.4,1020.4,1020.5,6,6,4,0,0,600,
6,18:00,14,8,14.2,10.1,,,76,2,10000,10000,,1001.4,1019.4,1019.5,6,6,4,0,0,600,s/p
6,19:00,1,7,14.5,10.4,,,76,,,10000,,1000.7,1018.7,1018.8,5,5,2,0,0,600,
6,20:00,21,6,14.7,10.6,,,76,,,10000,,1000.7,1018.7,1018.8,5,5,4,0,0,450,
6,21:00,243,7,12.1,10.2,,,88,2,10000,10000,,1000.9,1019,1019,7,7,4,0,0,600,
6,22:00,239,5,11.9,9.8,,,87,,,10000,,1001.2,1019.4,1019.3,6,6,4,0,0,600,
6,23:00,261,4,10.9,8.3,,,84,,,,,1001,1019.3,1019.2,,,,,,,
7,0:00,268,3,10.9,8.3,,15.2,84,,,,,1001.2,1019.5,1019.4,,,,,,,s/p
7,1:00,284,3,10.4,8.2,,,86,,,,,1001.6,1019.9,1019.8,,,,,,,
7,2:00,275,3,10.1,7.5,,,84,,,,,1001.4,1019.7,1019.6,,,,,,,
7,3:00,52,3,9.6,7.6,,,87,,,,,1000.9,1019.3,1019.1,,,,,,,
7,4:00,44,1,8.2,7.1,,,93,,,,,1000.8,1019.2,1019,,,,,,,
7,5:00,21,3,8.2,7.3,,,94,,,,,1000.3,1018.7,1018.5,,,,,,,
7,6:00,0,0,8.8,7.9,,,94,,,,,999.9,1018.3,1018,,,,,,,s/p
7,7:00,80,5,8.1,7.3,,,95,,,,,999.7,1018.1,1017.8,,,,,,,
7,8:00,78,7,8.8,7.7,,,93,,,,,999.2,1017.6,1017.3,,,,,,,
7,9:00,59,5,9,7.9,,,93,,,,,998.7,1017.1,1016.8,,,,,,,
7,10:00,38,5,8.3,7.7,,,96,,,,,998.7,1017.1,1016.8,,,,,,,
7,11:00,30,5,8.6,7.8,,,95,,,,,999.1,1017.5,1017.2,,,,,,,
7,12:00,50,8,8.4,7.5,8,,94,,,,,999,1017.4,1017.1,,,,,,,s/p
7,13:00,48,8,9.7,8.3,,,91,,,10000,,999.5,1017.8,1017.6,5,5,0,3,3,2100,
7,14:00,37,7,11.2,9.1,,,87,,,10000,,1000,1018.2,1018.1,6,6,0,3,3,2100,
7,15:00,33,10,12.3,9.2,,,81,1,10000,10000,,1000.1,1018.2,1018.2,4,4,0,3,3,2100,
7,16:00,12,8,14.2,9.5,,,73,,,10000,,999.9,1017.9,1018,3,3,0,3,3,2100,
7,17:00,12,6,15.7,10.1,,,69,,,10000,,999.4,1017.3,1017.5,5,5,5,0,0,450,
7,18:00,330,5,16.4,10.3,,,67,1,10000,10000,,998.3,1016.1,1016.4,4,4,5,0,0,600,s/p
7,19:00,284,5,16.5,10.9,,,69,,,10000,,998.3,1016.1,1016.4,5,5,4,0,0,600,
7,20:00,116,4,15.9,11.1,,,73,,,10000,,998.4,1016.3,1016.5,7,7,5,0,0,1200,
7,21:00,220,6,14.9,11.3,,,79,2,10000,10000,,998.6,1016.5,1016.7,5,5,4,0,0,450,
7,22:00,231,5,13.6,12.2,,,91,,,10000,,999.1,1017.1,1017.2,7,7,5,0,0,450,
7,23:00,196,1,13.3,12.5,,,95,,,,,999.3,1017.4,1017.4,,,,,,,
8,0:00,149,1,12,11.5,,17.1,97,,,,,999.6,1017.8,1017.7,,,,,,,s/p
8,1:00,224,5,11.2,11.1,,,99,,,,,999.7,1018,1017.8,,,,,,,
8,2:00,145,3,11.2,11.1,,,99,,,,,1000,1018.2,1018.1,,,,,,,
8,3:00,185,4,11.6,11.4,,,99,,,,,1000.5,1018.7,1018.6,,,,,,,
8,4:00,209,3,11.6,11.4,,,99,,,,,1000.5,1018.7,1018.6,,,,,,,
8,5:00,214,4,11.7,11.7,,,100,,,,,1000.6,1018.8,1018.8,,,,,,,
8,6:00,250,2,11.6,11.6,,,100,,,,,1000.5,1018.7,1018.6,,,,,,,s/p
8,7:00,0,0,11.6,11.6,,,100,,,,,1000.7,1018.9,1018.9,,,,,,,
8,8:00,15,2,10.9,10.9,,,100,,,,,1000.5,1018.8,1018.6,,,,,,,
8,9:00,249,5,10.9,10.9,,,100,,,,,1001.2,1019.5,1019.4,,,,,,,
8,10:00,247,5,10.4,10.4,,,100,,,,,1001.7,1020,1019.9,,,,,,,
8,11:00,252,2,10.2,10.2,,,100,,,,,1002.3,1020.6,1020.5,,,,,,,
8,12:00,0,0,10.2,10.1,9.3,,99,,,,,1002.9,1021.3,1021.1,,,,,,,0.2
8,13:00,238,3,10.6,10.1,,,97,,,4000,,1003.7,1022,1021.9,8,8,8,,,300,
8,14:00,241,3,10.8,9.1,,,89,,,5000,,1003.9,1022.2,1022.1,8,8,8,,,300,
8,15:00,307,3,10.9,9.5,,,91,5,5000,5000,,1004.3,1022.6,1022.5,8,8,8,,,600,
8,16:00,278,3,11.6,10,,,90,,,5000,,1004.3,1022.6,1022.5,8,8,8,,,600,
8,17:00,255,3,12,9.4,,,84,,,5000,,1003.9,1022.1,1022.1,8,8,8,,,600,
8,18:00,342,2,12.7,9.6,,,81,5,8000,8000,,1003.5,1021.7,1021.7,6,6,5,0,0,600,s/p
8,19:00,55,3,12.8,10,,,83,,,8000,,1003.3,1021.5,1021.5,7,7,1,0,0,600,
8,20:00,66,4,13.7,9.8,,,77,,,8000,,1003.2,1021.3,1021.4,4,4,1,0,0,300,
8,21:00,22,3,13.8,9.5,,,75,1,10000,10000,,1003.7,1021.8,1021.9,5,5,5,0,0,450,
8,22:00,0,0,11.5,9.3,,,86,,,10000,,1004.3,1022.6,1022.5,4,4,5,0,0,450,
8,23:00,0,0,9.6,8.8,,,95,,,,,1005.1,1023.5,1023.3,,,,,,,
9,0:00,0,0,10.3,9.5,,14.4,95,,,,,1005.6,1024,1023.9,,,,,,,s/p
9,1:00,244,5,10.9,9.2,,,89,,,,,1005.9,1024.3,1024.2,,,,,,,
9,2:00,0,0,9.6,8.8,,,95,,,,,1006.3,1024.8,1024.6,,,,,,,
9,3:00,0,0,9.6,9,,,96,,,,,1006.6,1025.1,1024.9,,,,,,,
9,4:00,85,4,7.4,7.1,,,98,,,,,1006.7,1025.3,1025,,,,,,,
9,5:00,25,2,5.5,5.4,,,99,,,,,1007,1025.7,1025.3,,,,,,,
9,6:00,127,3,5,4.9,,,99,,,,,1007.6,1026.4,1025.9,,,,,,,s/p
9,7:00,78,4,4.7,4.6,,,99,,,,,1007.6,1026.4,1025.9,,,,,,,
9,8:00,0,0,3.9,3.5,,,97,,,,,1007.3,1026.2,1025.6,,,,,,,
9,9:00,178,2,3.2,2.9,,,98,,,,,1007.7,1026.6,1026,,,,,,,
9,10:00,0,0,3.1,3,,,99,,,,,1008.1,1027,1026.4,,,,,,,
9,11:00,0,0,3.8,3.7,,,99,,,,,1008.3,1027.2,1026.6,,,,,,,
9,12:00,80,2,4,3.9,2.4,,99,,,,,1008.3,1027.2,1026.6,,,,,,,s/p
9,13:00,0,0,5.3,5.2,,,99,,,8000,2000,1008.5,1027.2,1026.7,0,0,0,0,0,,
9,14:00,222,5,8.3,7.2,,,93,,,8000,2000,1008.7,1027.2,1027,0,0,0,0,0,,
9,15:00,220,9,11.5,8.9,,,84,5,2000,8000,2000,1008.4,1026.7,1026.6,0,0,0,0,0,,
9,16:00,231,10,12.5,9.7,,,83,,,10000,,1008,1026.3,1026.2,1,1,4,0,0,450,
9,17:00,216,13,14,8.7,,,70,,,10000,,1007.1,1025.2,1025.3,0,0,0,0,0,,
9,18:00,205,11,15.4,7.3,,,58,1,10000,10000,,1006.6,1024.6,1024.8,1,0,0,0,0,6000,s/p
9,19:00,212,12,14.3,6.7,,,60,,,10000,,1006.3,1024.4,1024.5,3,0,0,0,0,6000,
9,20:00,207,13,13.9,6.6,,,60,,,10000,,1006.4,1024.5,1024.6,4,0,0,0,0,6000,
9,21:00,208,9,12.8,6.4,,,65,2,10000,10000,,1006.5,1024.7,1024.7,4,0,0,0,0,6000,
9,22:00,207,8,10.2,5.6,,,73,,,10000,,1006.2,1024.6,1024.4,4,4,0,3,3,3000,
9,23:00,223,8,9,5.6,,,79,,,,,1006.4,1024.9,1024.7,,,,,,,
10,0:00,218,10,8.2,5,,15.4,80,,,,,1006.2,1024.8,1024.5,,,,,,,s/p
10,1:00,217,8,7.1,4.2,,,82,,,,,1006,1024.6,1024.2,,,,,,,
10,2:00,223,8,6.7,4,,,83,,,,,1005.6,1024.2,1023.9,,,,,,,
10,3:00,226,7,6.3,3.8,,,84,,,,,1005.6,1024.3,1023.9,,,,,,,
10,4:00,216,7,5.5,3.8,,,89,,,,,1005.3,1024,1023.5,,,,,,,
10,5:00,219,5,4,3.1,,,94,,,,,1005,1023.8,1023.2,,,,,,,
10,6:00,230,4,3.3,2.9,,,97,,,,,1004.3,1023.1,1022.5,,,,,,,s/p
10,7:00,228,4,2.2,1.8,,,97,,,,,1004,1022.9,1022.2,,,,,,,
10,8:00,240,4,2,1.7,,,98,,,,,1003.6,1022.5,1021.8,,,,,,,
10,9:00,241,4,1.4,1.1,,,98,,,,,1003.1,1022,1021.3,,,,,,,
10,10:00,228,4,1.3,1.2,,,99,,,,,1002.8,1021.8,1021,,,,,,,
10,11:00,248,2,-0.9,-1.1,,,98,,,,,1002.9,1022,1021.1,,,,,,,
10,12:00,0,0,-1.7,-1.8,-1.7,,99,,,,,1002.9,1022.1,1021.1,,,,,,,s/p
10,13:00,0,0,-0.8,-0.9,,,99,,,400,,1002.9,1022,1021,9,,,,,,
10,14:00,0,0,1,0.9,,,99,,,300,,1002.7,1021.6,1020.8,9,,,,,,
10,15:00,240,5,5.1,2.5,,,83,11,3500,8000,3500,1002.4,1021,1020.5,0,0,0,0,0,,
10,16:00,239,5,8.2,3.3,,,69,,,8000,,1001.8,1020.2,1019.9,0,0,0,0,0,,
10,17:00,221,4,10.2,3.3,,,62,,,10000,,1000.7,1019,1018.8,0,0,0,0,0,,
10,18:00,211,4,12.8,4.3,,,56,2,20000,20000,,999.6,1017.7,1017.7,0,0,0,0,0,,s/p
10,19:00,284,2,14.4,4.2,,,50,,,10000,,998.5,1016.5,1016.6,0,0,0,0,0,,
10,20:00,232,7,14.8,5.1,,,52,,,10000,,998.5,1016.4,1016.6,0,0,0,0,0,,
10,21:00,196,4,14.6,5.7,,,55,2,10000,10000,,998.4,1016.4,1016.5,0,0,0,0,0,,
10,22:00,278,1,9.4,6.3,,,81,,,10000,,998.4,1016.7,1016.5,0,0,0,0,0,,
10,23:00,82,3,7,5,,,87,,,,,998.5,1017,1016.6,,,,,,,
11,0:00,0,0,5.3,3.8,,15,90,,,,,998.5,1017.1,1016.6,,,,,,,s/p
11,1:00,81,4,4.3,3.4,,,94,,,,,998.4,1017.1,1016.5,,,,,,,
11,2:00,64,4,3.9,3.5,,,97,,,,,998.5,1017.2,1016.6,,,,,,,
11,3:00,83,5,3.5,3.2,,,98,,,,,998.7,1017.4,1016.8,,,,,,,
11,4:00,87,5,2.7,2.4,,,98,,,,,999.1,1017.9,1017.2,,,,,,,
11,5:00,95,5,2.8,2.5,,,98,,,,,999.1,1017.9,1017.2,,,,,,,
11,6:00,83,6,2.1,1.8,,,98,,,,,998.7,1017.5,1016.8,,,,,,,s/p
11,7:00,76,1,1.2,1.1,,,99,,,,,998.7,1017.6,1016.8,,,,,,,
11,8:00,63,2,0.8,0.7,,,99,,,,,998.4,1017.3,1016.5,,,,,,,
11,9:00,100,4,0.1,-0.2,,,98,,,,,998.8,1017.8,1016.9,,,,,,,
11,10:00,71,2,0.2,0.1,,,99,,,,,999.2,1018.2,1017.3,,,,,,,
11,11:00,32,4,-0.8,-1.1,,,98,,,,,999.1,1018.1,1017.2,,,,,,,
11,12:00,199,2,-0.5,-0.8,-0.8,,98,,,,,1000,1019,1018.1,,,,,,,s/p
11,13:00,91,5,1.5,1.2,,,98,,,10000,4000,999.6,1018.4,1017.7,2,0,0,0,0,6000,
11,14:00,70,4,5.3,4.1,,,92,,,10000,,999.9,1018.5,1018,2,0,0,0,0,6000,
11,15:00,12,4,8.6,5.9,,,83,5,4000,10000,4000,1000.1,1018.5,1018.2,0,0,0,0,0,,
11,16:00,296,6,11.3,7.1,,,75,,,10000,4000,1000.3,1018.5,1018.4,1,0,0,0,0,6000,
11,17:00,296,2,13.1,6,,,62,,,10000,4000,1000,1018.1,1018.1,4,0,0,0,0,6000,
11,18:00,88,3,14.6,6,,,56,2,10000,10000,,999.4,1017.4,1017.5,5,0,0,0,0,6000,s/p
11,19:00,56,5,15.7,7.3,,,57,,,10000,,999,1016.9,1017.1,0,0,0,0,0,,
11,20:00,6,3,16.3,6.8,,,53,,,10000,,998.8,1016.6,1016.9,2,0,0,0,0,6000,
11,21:00,274,3,15.1,7.7,,,61,2,10000,10000,,999,1016.9,1017.1,5,0,0,0,0,6000,
11,22:00,0,0,11,7.2,,,77,,,10000,,999,1017.2,1017.1,5,0,0,0,0,6000,
11,23:00,135,4,7.6,6.4,,,92,,,,,999.3,1017.8,1017.4,,,,,,,
12,0:00,223,1,5.7,4.8,,16.6,94,,,,,999.7,1018.3,1017.8,,,,,,,s/p
12,1:00,85,4,3.9,3.3,,,96,,,,,999.7,1018.4,1017.8,,,,,,,
12,2:00,61,2,2.9,2.5,,,97,,,,,1000.1,1018.9,1018.2,,,,,,,
12,3:00,210,1,2.3,1.9,,,97,,,,,1000.5,1019.3,1018.6,,,,,,,
12,4:00,81,1,2,1.9,,,99,,,,,1000.6,1019.5,1018.8,,,,,,,
12,5:00,0,0,2.1,2,,,99,,,,,1000.6,1019.5,1018.8,,,,,,,
12,6:00,0,0,3.7,3.7,,,100,,,,,1000.4,1019.1,1018.5,,,,,,,s/p
12,7:00,0,0,3.4,3.4,,,100,,,,,1000.2,1019,1018.4,,,,,,,
12,8:00,0,0,3.1,3.1,,,100,,,,,1000.1,1018.9,1018.2,,,,,,,
12,9:00,276,1,3.3,3.3,,,100,,,,,1000,1018.8,1018.1,,,,,,,
12,10:00,141,3,3.8,3.8,,,100,,,,,1000.5,1019.2,1018.6,,,,,,,
12,11:00,129,5,3.3,3.3,,,100,,,,,1000.7,1019.5,1018.9,,,,,,,
12,12:00,167,2,3,3,1.5,,100,,,,,1000.8,1019.6,1019,,,,,,,0.2
12,13:00,85,3,3.5,3.5,,,100,,,100,,1001.1,1019.8,1019.2,9,,,,,,
12,14:00,100,4,3.8,3.8,,,100,,,200,,1001.7,1020.4,1019.8,9,,,,,,
12,15:00,87,7,4.2,4.2,,,100,42,400,400,,1001.5,1020.2,1019.6,8,8,6,,,600,
12,16:00,70,4,4.7,4.7,,,100,,,600,,1001.4,1020,1019.5,8,8,6,,,90,
12,17:00,50,2,5.5,5.5,,,100,,,600,,1000.8,1019.4,1018.9,8,8,6,,,90,
12,18:00,295,2,5.8,5.8,,,100,41,800,800,,1000,1018.5,1018.1,8,8,6,,,90,s/p
12,19:00,26,2,5.9,5.8,,,99,,,800,,999.7,1018.2,1017.8,8,8,6,,,90,
12,20:00,0,0,5.8,5.7,,,99,,,500,,999.8,1018.3,1017.9,8,8,6,,,60,
12,21:00,327,2,5.8,5.7,,,99,28,500,500,,1000,1018.5,1018.1,9,,,,,,
12,22:00,271,2,5.7,5.7,,,100,,,500,,1000.3,1018.4,1018.9,9,,,,,,
12,23:00,,,,,,,,,,,,,,,,,,,,,
13,0:00,,,,,,6,,,,,,,,,,,,,,,s/p
13,1:00,,,,,,,,,,,,,,,,,,,,,
13,2:00,,,,,,,,,,,,,,,,,,,,,
13,3:00,,,,,,,,,,,,,,,,,,,,,
13,4:00,,,,,,,,,,,,,,,,,,,,,
13,5:00,,,,,,,,,,,,,,,,,,,,,
13,6:00,,,,,,,,,,,,,,,,,,,,,s/p
13,7:00,,,,,,,,,,,,,,,,,,,,,
13,8:00,,,,,,,,,,,,,,,,,,,,,
13,9:00,,,,,,,,,,,,,,,,,,,,,
13,10:00,,,,,,,,,,,,,,,,,,,,,
13,11:00,,,,,,,,,,,,,,,,,,,,,
13,12:00,36,4,4,3.7,4,,98,,,,,998.5,1017.2,1016.6,,,,,,,s/p
13,13:00,43,6,4.3,3.9,,,97,,,800,,998.5,1017.1,1016.6,8,8,6,,,180,
13,14:00,26,4,4.5,3.8,,,95,,,2000,,998.9,1017.5,1017,8,8,6,,,180,
13,15:00,28,4,4.9,3.9,,,93,10,2000,2000,,998.9,1017.5,1017,8,8,6,,,180,
13,16:00,20,4,5.6,4.3,,,91,,,2000,,998.5,1017,1016.6,8,8,6,,,180,
13,17:00,336,2,6.5,4.8,,,89,,,2000,,997.9,1016.4,1016,8,8,7,,,180,
13,18:00,280,2,6.9,4.4,,,84,5,4000,4000,,997.2,1015.6,1015.2,8,8,4,,,180,s/p
13,19:00,263,2,6.7,4.2,,,84,,,4000,,997.1,1015.5,1015.1,8,8,5,,,300,
13,20:00,355,2,7,4.5,,,84,,,4000,,997.1,1015.5,1015.1,8,8,6,,,300,
13,21:00,66,6,6.9,4.7,,,86,5,3000,3000,,997.3,1015.7,1015.3,8,8,4,,,600,
13,22:00,41,7,6.3,4.5,,,88,,,2000,,997.6,1016.1,1015.7,8,8,4,,,600,
13,23:00,31,6,5.6,4.1,,,90,,,,,998.3,1016.9,1016.4,,,,,,,
14,0:00,53,8,5.4,3.9,,7.1,90,,,,,998.8,1017.4,1016.9,,,,,,,s/p
14,1:00,52,9,5.2,4.2,,,93,,,,,999.2,1017.8,1017.3,,,,,,,
14,2:00,55,10,5.5,4.2,,,91,,,,,999.4,1018,1017.5,,,,,,,
14,3:00,46,8,5.8,4.3,,,90,,,,,999.9,1018.5,1018,,,,,,,
14,4:00,54,7,5.9,4.4,,,90,,,,,999.9,1018.5,1018,,,,,,,
14,5:00,45,8,6,4.3,,,89,,,,,999.5,1018.1,1017.6,,,,,,,
14,6:00,35,5,6.2,4.2,,,87,,,,,999.3,1017.9,1017.4,,,,,,,s/p
14,7:00,32,7,6.4,4.2,,,86,,,,,999.3,1017.8,1017.4,,,,,,,
14,8:00,36,5,6.4,4.2,,,86,,,,,999.2,1017.7,1017.3,,,,,,,
14,9:00,55,9,6.4,4.4,,,87,,,,,998.9,1017.4,1017,,,,,,,
14,10:00,42,7,5.9,4.9,,,93,,,,,999.2,1017.8,1017.3,,,,,,,
14,11:00,44,8,5.9,4.5,,,91,,,,,999.7,1018.3,1017.8,,,,,,,
14,12:00,55,8,6.1,5.1,5.2,,93,,,,,1000.5,1019.1,1018.6,,,,,,,2.6
14,13:00,66,7,6.4,5.2,,,92,,,3000,,1001,1019.5,1019.1,8,8,6,,,600,
14,14:00,66,10,6.9,5.9,,,93,,,3000,,1001.3,1019.8,1019.4,8,8,7,,,600,
14,15:00,47,11,8.1,6.6,,,90,25,2000,2000,,1001.7,1020.1,1019.8,8,8,0,2,,450,
14,16:00,43,13,8.4,6.5,,,88,,,4000,,1001.8,1020.2,1019.9,8,8,6,,,450,
14,17:00,46,12,9.2,7,,,86,,,8000,,1001.1,1019.4,1019.2,8,8,5,,,600,
14,18:00,34,10,10,7.1,,,82,2,10000,10000,,1000.6,1018.9,1018.7,8,2,7,,,240,1.2
14,19:00,42,8,10.5,7.8,,,83,,,6000,,1000.2,1018.4,1018.3,8,8,6,,,900,
14,20:00,43,7,10.6,8,,,84,,,8000,,1000.1,1018.3,1018.2,7,7,4,0,0,900,
14,21:00,50,8,10.6,8,,,84,2,10000,10000,,1000.2,1018.4,1018.3,8,8,5,,,1500,
14,22:00,63,8,10.2,8.5,,,89,,,9000,,1000.2,1018.5,1018.3,8,8,4,,,1500,
14,23:00,62,5,10.1,8.6,,,90,,,,,1000.5,1018.8,1018.6,,,,,,,
15,0:00,43,6,10.2,8.8,,10.7,91,,,,,1000.6,1018.9,1018.8,,,,,,,s/p
15,1:00,37,6,10.4,8.8,,,90,,,,,1000.7,1019,1018.9,,,,,,,
15,2:00,13,4,10.2,9.3,,,94,,,,,1000.9,1019.2,1019.1,,,,,,,
15,3:00,329,5,9.8,9.3,,,97,,,,,1001.3,1019.7,1019.5,,,,,,,
15,4:00,41,4,9.4,9.2,,,99,,,,,1001.6,1020,1019.8,,,,,,,
15,5:00,78,5,9.5,9.3,,,99,,,,,1001.4,1019.8,1019.6,,,,,,,
15,6:00,66,10,9.7,9.4,,,98,,,,,1001,1019.4,1019.2,,,,,,,8.6
15,7:00,57,3,9.5,9.3,,,99,,,,,1001.2,1019.6,1019.4,,,,,,,
15,8:00,65,3,9.4,9.2,,,99,,,,,1001.1,1019.5,1019.3,,,,,,,
15,9:00,51,4,9.5,9.3,,,99,,,,,1001.3,1019.7,1019.5,,,,,,,
15,10:00,338,2,9.2,9.1,,,99,,,,,1001.3,1019.7,1019.5,,,,,,,
15,11:00,122,3,8.8,8.7,,,99,,,,,1001.6,1020,1019.8,,,,,,,
15,12:00,41,1,7.4,7.2,7.3,,99,,,,,1001.7,1020.2,1019.9,,,,,,,1.2
15,13:00,240,3,7.7,7.7,,,100,,,8000,1500,1002.2,1020.7,1020.3,4,4,4,0,0,900,
15,14:00,0,0,10.8,8.1,,,83,,,10000,,1002.5,1020.8,1020.6,3,3,5,3,3,900,
15,15:00,180,3,11.4,8.3,,,81,5,7000,10000,7000,1002.5,1020.7,1020.6,4,3,1,7,7,600,
15,16:00,270,4,11.9,8.4,,,79,,,10000,,1002.5,1020.7,1020.6,5,5,2,0,0,600,
15,17:00,241,6,11.9,9.1,,,83,,,10000,,1001.8,1020,1019.9,5,5,2,0,0,900,
15,18:00,229,6,12.1,9.1,,,82,2,10000,10000,,1001.3,1019.5,1019.4,6,6,2,0,0,900,s/p
15,19:00,221,6,12,9,,,82,,,10000,,1001.2,1019.4,1019.3,5,5,2,0,0,600,
15,20:00,226,7,11.5,8.7,,,83,,,10000,,1001.2,1019.4,1019.3,5,5,1,0,0,450,
15,21:00,207,5,11.2,8.6,,,84,1,10000,10000,,1001.7,1019.9,1019.8,4,2,2,0,0,450,
15,22:00,165,3,9.9,8,,,88,,,10000,,1002,1020.3,1020.1,3,3,2,0,0,900,
15,23:00,279,5,8.7,7.8,,,94,,,,,1002.4,1020.9,1020.6,,,,,,,
16,0:00,273,2,7.5,7.1,,12.8,97,,,,,1002.7,1021.2,1020.9,,,,,,,s/p
16,1:00,179,2,6.1,6,,,99,,,,,1002.8,1021.4,1021,,,,,,,
16,2:00,231,4,6.6,6.6,,,100,,,,,1003,1021.6,1021.2,,,,,,,
16,3:00,0,0,5.2,5.1,,,99,,,,,1003.3,1022,1021.5,,,,,,,
16,4:00,0,0,4.4,4.4,,,100,,,,,1003.6,1022.4,1021.8,,,,,,,
16,5:00,192,1,5.8,5.8,,,100,,,,,1003.5,1022.2,1021.7,,,,,,,
16,6:00,140,2,5.4,5.4,,,100,,,,,1003.7,1022.4,1021.9,,,,,,,s/p
16,7:00,216,3,5.5,5.5,,,100,,,,,1004,1022.7,1022.2,,,,,,,
16,8:00,223,4,5.6,5.6,,,100,,,,,1004.1,1022.8,1022.3,,,,,,,
16,9:00,206,5,5.5,5.5,,,100,,,,,1004.2,1022.9,1022.4,,,,,,,
16,10:00,194,4,5.6,5.6,,,100,,,,,1004.5,1023.2,1022.7,,,,,,,
16,11:00,125,3,4.9,4.9,,,100,,,,,1005.2,1024,1023.4,,,,,,,
16,12:00,,,,,4.4,,,,,,,,,,,,,,,,s/p
16,13:00,0,0,5.4,5.4,,,100,,,100,,1006.3,1025,1024.5,9,,,,,,
16,14:00,64,2,5.2,5.2,,,100,,,200,,1007,1025.7,1025.2,9,,,,,,
16,15:00,153,2,5.7,5.7,,,100,42,400,400,,1007.7,1026.4,1025.9,8,8,6,,,60,
16,16:00,308,2,6,6,,,100,,,400,,1007.8,1026,1026,8,8,6,,,60,
16,17:00,0,0,6.2,6.2,,,100,,,500,,1007.3,1026,1025.5,8,8,6,,,120,
16,18:00,0,0,6.4,6.4,,,100,28,600,600,,1007,1025.6,1025.2,8,8,6,,,90,s/p
16,19:00,317,3,6.7,6.7,,,100,,,800,,1006.6,1025.2,1024.8,8,8,2,,,150,
16,20:00,0,0,6.7,6.6,,,99,,,800,,1006.5,1025.1,1024.7,8,8,6,,,150,
16,21:00,0,0,6.8,6.4,,,97,42,800,800,,1007.3,1025.9,1025.5,8,8,2,,,150,
16,22:00,80,2,6.8,6.2,,,96,,,1200,,1007.9,1026.5,1026.1,8,8,6,,,180,
16,23:00,36,4,6.7,6.1,,,96,,,,,1008.6,1027.3,1026.9,,,,,,,
17,0:00,41,4,6.6,6.2,,6.9,97,,,,,1009.1,1027.8,1027.4,,,,,,,s/p
17,1:00,35,3,6.5,5.9,,,96,,,,,1009.8,1028.5,1028.1,,,,,,,
17,2:00,23,4,6,5.7,,,98,,,,,1010.1,1028.9,1028.4,,,,,,,
17,3:00,341,3,5.9,5.6,,,98,,,,,1010.6,1029.4,1028.9,,,,,,,
17,4:00,354,4,5.5,5.2,,,98,,,,,1010.2,1029,1028.5,,,,,,,
17,5:00,18,2,5.9,5.8,,,99,,,,,1010.6,1029.4,1028.9,,,,,,,
17,6:00,79,3,5.6,5.5,,,99,,,,,1010.8,1029.6,1029.1,,,,,,,s/p
17,7:00,93,4,5.3,5.2,,,99,,,,,1010.5,1029.3,1028.8,,,,,,,
17,8:00,53,4,4.7,4.7,,,100,,,,,1010.2,1029.1,1028.5,,,,,,,
17,9:00,86,4,4.2,4.2,,,100,,,,,1009.7,1028.6,1028,,,,,,,
17,10:00,342,3,3.8,3.8,,,100,,,,,1009.7,1028.6,1028,,,,,,,
17,11:00,273,1,3.7,3.7,,,100,,,,,1009.8,1028.7,1028.1,,,,,,,
17,12:00,17,3,3.3,3.3,3.3,,100,,,,,1009.8,1028.8,1028.1,,,,,,,s/p
17,13:00,92,3,3,3,,,100,,,200,,1009.7,1028.6,1028,9,,,,,,
17,14:00,72,3,3.1,3.1,,,100,,,300,,1009.9,1028.8,1028.2,9,,,,,,
17,15:00,53,3,4.1,4.1,,,100,42,900,900,,1009.6,1028.4,1027.9,8,8,7,,,60,
17,16:00,68,3,6.3,6.3,,,100,,,10000,,1009.1,1027.8,1027.4,5,1,7,3,3,150,
17,17:00,234,2,8.5,6.5,,,87,,,10000,2000,1008.2,1026.7,1026.4,6,6,0,5,5,2100,
17,18:00,244,3,11.1,6.5,,,73,1,10000,10000,,1007.5,1025.8,1025.7,6,6,0,6,6,2100,s/p
17,19:00,243,5,12.1,6.6,,,69,,,10000,,1006.6,1024.9,1024.8,5,5,0,3,3,2100,
17,20:00,204,4,12.3,7.4,,,72,,,10000,,1005.8,1024,1024,3,3,0,3,3,2100,
17,21:00,225,4,11.8,7.5,,,75,1,10000,10000,,1005.3,1023.6,1023.5,4,4,0,3,3,2100,
17,22:00,186,3,8.3,6.4,,,88,,,10000,,1004.7,1023.2,1022.9,4,4,0,4,4,2100,
17,23:00,149,1,7.1,6,,,93,,,,,1004.8,1023.4,1023,,,,,,,
18,0:00,234,3,7,6.4,,12.9,96,,,,,1004.5,1023.1,1022.7,,,,,,,s/p
18,1:00,229,5,6.4,6.1,,,98,,,,,1004.7,1023.3,1022.9,,,,,,,
18,2:00,226,4,6.4,6,,,97,,,,,1004.3,1022.9,1022.5,,,,,,,
18,3:00,224,3,4.9,4.8,,,99,,,,,1003.9,1022.6,1022.1,,,,,,,
18,4:00,228,2,3.2,3.1,,,99,,,,,1003.4,1022.2,1021.6,,,,,,,
18,5:00,38,1,4,3.9,,,99,,,,,1002.9,1021.7,1021.1,,,,,,,
18,6:00,235,5,7.1,7,,,99,,,,,1002.8,1021.4,1021,,,,,,,s/p
18,7:00,169,5,6.2,5.9,,,98,,,,,1002.7,1021.3,1020.9,,,,,,,
18,8:00,187,5,5.4,5.3,,,99,,,,,1002.9,1021.6,1021.1,,,,,,,
18,9:00,204,6,5.7,5.6,,,99,,,,,1002.5,1021.1,1020.7,,,,,,,
18,10:00,210,4,4.9,4.6,,,98,,,,,1002.2,1020.9,1020.4,,,,,,,
18,11:00,184,3,4.4,4,,,97,,,,,1002.7,1021.4,1020.9,,,,,,,
18,12:00,0,0,2.1,1.8,1.8,,98,,,,,1002.5,1021.4,1020.7,,,,,,,s/p
18,13:00,93,2,3,2.7,,,98,,,800,,1002.4,1021.2,1020.5,9,,,,,,
18,14:00,0,0,4.6,4.5,,,99,,,200,,1002.5,1021.2,1020.6,9,,,,,,
18,15:00,217,7,6.1,6.1,,,100,10,1500,1500,,1002.6,1021.2,1020.7,8,8,6,,,60,
18,16:00,192,7,6.3,6,,,98,,,1500,,1002.3,1020.9,1020.4,8,7,7,,,75,
18,17:00,197,6,6.7,6,,,95,,,3000,,1001.8,1020.3,1019.9,8,8,7,,,90,
18,18:00,231,7,7.6,6.2,,,91,5,7000,7000,,1001,1019.4,1019.1,8,8,7,,,150,s/p
18,19:00,225,6,8.5,6.1,,,85,,,7000,,1000.7,1019.1,1018.8,8,8,7,,,150,
18,20:00,213,5,8.1,6.1,,,87,,,8000,,1000.7,1019.1,1018.8,7,7,7,3,3,900,
18,21:00,167,3,8,6.3,,,89,2,10000,10000,,1000.7,1019.1,1018.8,8,2,1,7,,900,
18,22:00,0,0,7.1,6.2,,,94,,,10000,,1001.3,1019.8,1019.4,5,5,0,7,7,3000,
18,23:00,48,3,5.8,5.2,,,96,,,,,1001.6,1020.2,1019.8,,,,,,,
19,0:00,104,1,5.7,5.4,,8.8,98,,,,,1001.7,1020.3,1019.9,,,,,,,s/p
19,1:00,317,2,4.7,4.6,,,99,,,,,1001.4,1020.1,1019.6,,,,,,,
19,2:00,0,0,4.6,4.5,,,99,,,,,1001.8,1020.5,1020,,,,,,,
19,3:00,81,6,4.3,4.2,,,99,,,,,1001.9,1020.6,1020.1,,,,,,,
19,4:00,73,1,4.7,4.6,,,99,,,,,1002,1020.7,1020.2,,,,,,,
19,5:00,66,3,4.1,4,,,99,,,,,1002.3,1021,1020.5,,,,,,,
19,6:00,69,4,3.5,3.4,,,99,,,,,1002.7,1021.5,1020.9,,,,,,,s/p
19,7:00,73,5,4.4,4.4,,,100,,,,,1002.6,1021.3,1020.8,,,,,,,
19,8:00,63,5,4.8,4.8,,,100,,,,,1002.4,1021.1,1020.6,,,,,,,
19,9:00,0,0,5.5,5.5,,,100,,,,,1002.5,1021.2,1020.7,,,,,,,
19,10:00,69,5,5.8,5.8,,,100,,,,,1002.3,1020.9,1020.5,,,,,,,
19,11:00,55,3,5.3,5.3,,,100,,,,,1002.7,1021.4,1020.9,,,,,,,
19,12:00,48,2,5.1,5.1,3.4,,100,,,,,1003,1021.7,1021.2,,,,,,,0.2
19,13:00,69,3,5.4,5.4,,,100,,,150,,1003.2,1021.8,1021.4,9,,,,,,
19,14:00,74,3,5.9,5.9,,,100,,,200,,1003.3,1021.9,1021.5,9,,,,,,
19,15:00,345,1,6.5,6.5,,,100,28,600,600,,1003.7,1022.3,1021.9,9,,,,,,
19,16:00,,2,7.3,7.3,,,100,,,1000,,1003.1,1021.6,1021.3,8,8,5,,,90,
19,17:00,294,5,7.9,7.5,,,97,,,1000,,1002.7,1021.2,1020.8,8,8,5,,,120,
19,18:00,230,3,8.3,7.6,,,95,10,1000,1000,,1001.6,1019.7,1020,8,8,6,,,150,s/p
19,19:00,0,0,8.7,7.5,,,92,,,4000,,1001.3,1019.7,1019.4,8,5,7,3,3,180,
19,20:00,0,0,9.2,7.8,,,91,,,4000,,1000.9,1019.2,1019,5,3,1,7,7,900,
19,21:00,328,5,8.9,8,,,94,21,1500,1500,,1001,1019.4,1019.1,8,8,0,2,,300,
19,22:00,274,5,8.2,7.6,,,96,,,2000,,1001.2,1019.6,1019.3,8,8,5,,,600,
19,23:00,355,2,7.7,7.3,,,97,,,,,1001.3,1019.8,1019.5,,,,,,,
20,0:00,124,5,7.6,7.3,,9.4,98,,,,,1001.1,1019.6,1019.3,,,,,,,s/p
20,1:00,332,4,7.4,7.1,,,98,,,,,1001.4,1019.9,1019.6,,,,,,,
20,2:00,278,1,6.8,6.7,,,99,,,,,1001,1019.5,1019.2,,,,,,,
20,3:00,105,1,6,5.9,,,99,,,,,1000.5,1019.1,1018.6,,,,,,,
20,4:00,70,2,6.8,6.8,,,100,,,,,1000.1,1018.6,1018.2,,,,,,,
20,5:00,0,0,5.9,5.9,,,100,,,,,999.3,1017.9,1017.4,,,,,,,
20,6:00,122,4,5.3,5.3,,,100,,,,,998.3,1016.9,1016.4,,,,,,,s/p
20,7:00,61,3,5.6,5.6,,,100,,,,,998.1,1016.7,1016.2,,,,,,,
20,8:00,55,3,5.9,5.9,,,100,,,,,997.7,1016.2,1015.8,,,,,,,
20,9:00,34,2,5.8,5.8,,,100,,,,,997.6,1016.1,1015.7,,,,,,,
20,10:00,71,1,5.7,5.7,,,100,,,,,997.2,1015.8,1015.3,,,,,,,
20,11:00,53,3,5.8,5.8,,,100,,,,,997.5,1016,1015.6,,,,,,,
20,12:00,61,4,5.9,5.9,5.2,,100,,,,,997.4,1015.9,1015.5,,,,,,,s/p
20,13:00,32,5,6.1,6.1,,,100,,,400,,997.6,1016.1,1015.7,8,8,8,,,30,
20,14:00,37,4,6.3,6.3,,,100,,,800,,997.9,1016.4,1016,8,4,8,,,120,
20,15:00,147,4,6.9,6.9,,,100,42,1500,1500,,997.2,1015.6,1015.2,8,3,2,7,,120,
20,16:00,14,7,7.8,7.2,,,96,,,1500,,997.8,1016.2,1015.9,8,4,6,7,,120,
20,17:00,322,1,8.1,7.4,,,95,,,1500,,997.2,1015.5,1015.2,8,8,7,,,120,
20,18:00,50,3,8.8,7.6,,,92,10,1800,1800,,996.9,1015.2,1014.9,8,8,7,,,150,s/p
20,19:00,49,6,9.3,7.6,,,89,,,1800,,996.8,1015.1,1014.8,8,8,2,,,210,
20,20:00,34,6,10,7.8,,,86,,,2500,,996.7,1014.9,1014.7,7,4,5,7,7,600,
20,21:00,50,5,9.6,7.7,,,88,5,2500,5000,2500,997.2,1015.4,1015.2,7,7,0,1,1,2700,
20,22:00,65,6,9,7.6,,,91,,,5000,,997.3,1015.6,1015.3,8,8,0,6,,3000,
20,23:00,32,4,8.5,7.1,,,91,,,,,997.8,1016.2,1015.9,,,,,,,
21,0:00,45,6,8.8,6.8,,10.2,87,,,,,997.7,1016.1,1015.8,,,,,,,s/p
21,1:00,43,1,8.2,6.2,,,87,,,,,998.2,1016.6,1016.3,,,,,,,
21,2:00,79,5,8.3,6.4,,,88,,,,,998.2,1016.6,1016.3,,,,,,,
21,3:00,70,5,8.3,6.1,,,86,,,,,998.2,1016.6,1016.3,,,,,,,
21,4:00,61,6,8.5,6,,,84,,,,,998,1016.4,1016.1,,,,,,,
21,5:00,57,4,7.9,5.9,,,87,,,,,997.7,1016.1,1015.8,,,,,,,
21,6:00,0,0,7.7,5.7,,,87,,,,,997.2,1015.6,1015.3,,,,,,,s/p
21,7:00,71,5,7.8,5.8,,,87,,,,,996.9,1015.3,1015,,,,,,,
21,8:00,91,2,7.5,5.5,,,87,,,,,997,1015.4,1015.1,,,,,,,
21,9:00,0,0,6.4,5.4,,,93,2,10000,10000,,997.1,1015.6,1015.1,8,7,0,7,7,2400,
21,10:00,,2,6,5,,,93,,,10000,,996.7,1015.2,1014.7,8,8,0,7,,3000,
21,11:00,0,0,4.7,4.3,,,97,,,10000,,996.8,1015.4,1014.8,7,7,0,7,7,3000,
21,12:00,78,4,3.8,3.7,3.6,,97,2,10000,10000,,997.2,1015.8,1015.2,6,6,0,7,7,3000,s/p
21,13:00,85,5,6,4.8,,,92,,,10000,,997.3,1015.8,1015.3,7,7,0,5,5,3000,
21,14:00,82,4,8.4,6,,,85,,,10000,,997.7,1016,1015.8,7,7,0,5,5,3000,
21,15:00,68,5,11.7,6.7,,,71,2,10000,10000,,997.4,1015.5,1015.4,5,5,0,5,5,3000,
21,16:00,2,6,13.6,7,,,64,,,10000,,996.9,1014.9,1014.9,6,6,0,5,5,3000,
21,17:00,4,7,14.2,7.1,,,62,,,10000,,996.1,1014,1014.1,5,2,1,5,5,300,
21,18:00,43,4,14.2,6.8,,,61,2,10000,10000,,995.4,1013.3,1013.4,5,2,1,5,5,300,s/p
21,19:00,28,2,14.7,6.8,,,59,,,10000,,994.9,1012.8,1012.9,5,5,2,5,5,300,
21,20:00,329,3,14.6,6.7,,,59,,,10000,,995,1012.9,1013,6,2,2,7,7,600,
21,21:00,337,4,13.1,6.9,,,66,5,8000,8000,,995.4,1013.4,1013.4,7,3,1,7,7,600,
21,22:00,358,3,11.6,7.4,,,76,,,6000,,995.8,1013.9,1013.8,8,4,2,7,,600,
21,23:00,122,2,10.3,7.7,,,84,,,,,995.9,1014.1,1014,,,,,,,
22,0:00,0,0,10.1,8.2,,14.9,88,,,,,996.3,1014.5,1014.4,,,,,,,s/p
22,1:00,86,4,9.9,8,,,88,,,,,996.2,1014.5,1014.3,,,,,,,
22,2:00,92,5,10,8,,,87,,,,,995.8,1014,1013.9,,,,,,,
22,3:00,90,5,9.1,6.9,,,86,,,,,995.3,1013.6,1013.4,,,,,,,
22,4:00,103,5,7.6,4,,,78,,,,,994.9,1013.3,1013,,,,,,,
22,5:00,108,5,6.1,3.6,,,84,,,,,994.3,1012.8,1012.3,,,,,,,
22,6:00,129,5,6.7,4.9,,,88,,,,,993.6,1012,1011.6,,,,,,,s/p
22,7:00,2,3,5.1,3.6,,,90,,,,,993.6,1012.1,1011.6,,,,,,,
22,8:00,123,2,6.6,3,,,78,,,,,993.4,1011.8,1011.4,,,,,,,
22,9:00,216,2,4.5,3.5,,,93,,,,,993.2,1011.8,1011.2,,,,,,,
22,10:00,0,0,4.1,3.5,,,96,,,,,993.5,1012.1,1011.5,,,,,,,
22,11:00,128,2,5.3,4.4,,,94,,,,,993.7,1012.2,1011.7,,,,,,,
22,12:00,0,0,5.4,4.5,3.7,,94,,,,,994.1,1012.6,1012.1,,,,,,,s/p
22,13:00,167,2,5.7,4.4,,,91,,,7000,,994.2,1012.6,1012.2,7,4,2,5,5,1200,
22,14:00,184,4,7.4,4.4,,,81,,,10000,,994.2,1012.5,1012.2,7,4,2,5,5,1500,
22,15:00,259,4,8.4,4.6,,,77,2,10000,10000,,995,1013.3,1013,8,4,2,5,,1500,
22,16:00,249,4,8.8,6.4,,,85,,,1800,,995.2,1013.5,1013.2,8,8,5,,,1800,
22,17:00,218,2,8.3,6.9,,,91,,,800,,995.3,1013.6,1013.3,8,8,2,,,1500,
22,18:00,5,4,8.1,7,,,93,63,800,800,,995.6,1013.9,1013.6,8,8,2,,,1200,1
22,19:00,86,5,8.2,7.3,,,94,,,800,,995.2,1013.5,1013.2,8,8,5,,,900,
22,20:00,83,9,8.9,7.7,,,92,,,1500,,994.9,1013.2,1012.9,8,8,5,,,1800,
22,21:00,91,7,9.3,8.2,,,93,61,2000,2000,,994.8,1013,1012.8,8,5,2,2,,1500,
22,22:00,106,6,9.1,7.4,,,89,,,5000,,994.3,1012.5,1012.3,8,4,2,2,,1200,
22,23:00,97,4,8.2,7,,,92,,,,,994.1,1012.4,1012.1,,,,,,,
23,0:00,234,4,8.1,7.3,,9.4,95,,,,,994.1,1012.4,1012.1,,,,,,,2.2
23,1:00,246,3,7.8,7.5,,,98,,,,,994,1012.4,1012,,,,,,,
23,2:00,215,4,7.9,7.8,,,99,,,,,994,1012.4,1012,,,,,,,
23,3:00,121,4,7.9,7.8,,,99,,,,,993.8,1012.1,1011.8,,,,,,,
23,4:00,266,4,7.6,7.5,,,99,,,,,993.6,1012,1011.6,,,,,,,
23,5:00,173,6,7.6,7.5,,,99,,,,,993.7,1012.1,1011.7,,,,,,,
23,6:00,64,7,7.6,7.6,,,100,,,,,994,1012.4,1012,,,,,,,0.8
23,7:00,111,5,8,7.4,,,96,,,,,992.5,1010.8,1010.5,,,,,,,
23,8:00,82,4,8.8,7.1,,,89,,,,,991.5,1009.7,1009.5,,,,,,,
23,9:00,62,7,9.4,7,,,85,,,,,991.5,1009.7,1009.5,,,,,,,
23,10:00,49,13,10.3,7.2,,,81,,,,,991.1,1009.2,1009.1,,,,,,,
23,11:00,48,11,10.1,7.7,,,85,,,,,990.8,1009,1008.8,,,,,,,
23,12:00,49,12,10.2,8.2,7.3,,87,,,,,991.1,1009.2,1009.1,,,,,,,3.8
23,13:00,58,9,9.8,8.6,,,92,,,2500,,992.4,1010.5,1010.4,8,8,0,2,,900,
23,14:00,61,16,10.1,8.5,,,90,,,3000,,992.5,1010.6,1010.5,8,8,0,2,,600,
23,15:00,45,19,10.5,8.8,,,89,21,2000,2000,,992.9,1011,1010.9,8,8,0,2,,450,
23,16:00,36,17,10,8.8,,,92,,,2000,,993.3,1011.5,1011.3,8,5,7,2,,210,
23,17:00,40,21,10.7,8.8,,,88,,,3000,,992.6,1010.7,1010.6,8,4,7,2,,450,
23,18:00,40,23,10.6,9,,,90,21,2000,2000,,992.3,1010.4,1010.3,8,4,7,2,,300,22.4
23,19:00,33,19,10.8,9.1,,,89,,,2000,,992.4,1010.5,1010.4,8,3,7,2,,450,
23,20:00,26,23,10.9,9.3,,,90,,,8000,,992.6,1010.7,1010.6,8,4,7,2,,210,
23,21:00,33,19,10.7,9,,,89,63,4000,4000,,993.9,1011.4,1011.3,8,4,7,2,,450,
23,22:00,29,20,10.4,9,,,91,,,4000,,994.3,1012.4,1012.3,8,3,7,2,,450,
23,23:00,5,12,9.9,9.1,,,95,,,,,995.3,1013.5,1013.4,,,,,,,
24,0:00,23,19,9.6,8.7,,11.2,94,,,,,996.5,1014.8,1014.6,,,,,,,10.8
24,1:00,35,16,9.8,8.6,,,92,,,,,997.3,1015.6,1015.4,,,,,,,
24,2:00,32,14,9.8,8.7,,,93,,,,,997.9,1016.2,1016,,,,,,,
24,3:00,31,14,10,8.9,,,93,,,,,998.3,1016.6,1016.4,,,,,,,
24,4:00,32,12,10,9.1,,,94,,,,,998.9,1017.2,1017,,,,,,,
24,5:00,26,13,10.2,9.1,,,93,,,,,999.1,1017.4,1017.2,,,,,,,
24,6:00,28,11,10.1,9,,,93,,,,,999.4,1017.7,1017.5,,,,,,,s/p
24,7:00,24,10,10.1,9.2,,,94,,,,,999.6,1017.9,1017.7,,,,,,,
24,8:00,13,9,10.1,9.2,,,94,,,,,999.9,1018.2,1018,,,,,,,
24,9:00,15,9,9.9,9,,,94,,,,,999.9,1018.2,1018,,,,,,,
24,10:00,25,7,9.8,9,,,95,,,,,1000.2,1018.5,1018.4,,,,,,,
24,11:00,34,4,9.6,8.8,,,95,,,,,1000.9,1019.3,1019.1,,,,,,,
24,12:00,32,5,8.8,8.2,8.8,,96,,,,,1001.5,1019.9,1019.7,,,,,,,s/p
24,13:00,82,4,8.9,8.5,,,97,,,7000,,1001.8,1020.2,1019.9,7,4,1,2,2,300,
24,14:00,77,3,10.2,9,,,92,,,7000,,1002.3,1020.6,1020.4,7,3,7,0,0,300,
24,15:00,49,3,11.5,9.4,,,87,5,7000,7000,,1002.5,1020.7,1020.6,7,3,1,2,2,300,
24,16:00,88,3,11.9,9.5,,,85,,,6000,,1002.8,1021,1020.9,7,4,2,5,5,300,
24,17:00,106,3,13.3,9.4,,,77,,,7000,,1002.2,1020.3,1020.3,7,4,1,3,3,300,
24,18:00,93,3,13.6,8.9,,,73,2,10000,10000,,1001.6,1019.7,1019.7,6,6,1,0,0,600,s/p
24,19:00,230,2,14.2,8.6,,,69,,,10000,,1001.6,1019.6,1019.7,5,3,2,3,3,900,
24,20:00,90,3,14.3,9.2,,,71,,,10000,,1001.7,1019.7,1019.8,5,5,1,6,6,600,
24,21:00,224,3,14.3,8.7,,,69,2,10000,10000,,1002,1020.1,1020.2,5,5,2,0,0,1200,
24,22:00,193,3,12.7,8.4,,,75,,,10000,,1002.2,1020.3,1020.3,6,3,8,6,6,1200,
24,23:00,114,2,11.4,7.5,,,77,,,,,1002.4,1020.7,1020.6,,,,,,,
25,0:00,192,2,9.6,7.7,,14.5,88,,,,,1002.5,1020.9,1020.7,,,,,,,s/p
25,1:00,254,1,7.9,7.2,,,95,,,,,1002.4,1020.9,1020.6,,,,,,,
25,2:00,196,3,8.3,7.5,,,95,,,,,1002.1,1020.6,1020.3,,,,,,,
25,3:00,174,2,6.8,6.5,,,98,,,,,1001.7,1020.3,1019.9,,,,,,,
25,4:00,218,2,5.9,5.8,,,99,,,,,1001.7,1020.3,1019.9,,,,,,,
25,5:00,195,3,5,4.6,,,97,,,,,1001.3,1020,1019.5,,,,,,,
25,6:00,221,4,4.8,4.7,,,99,,,,,1000.6,1019.3,1018.8,,,,,,,s/p
25,7:00,227,5,4.1,4,,,99,,,,,999.7,1018.4,1017.8,,,,,,,
25,8:00,232,6,3.5,3.4,,,99,,,,,999.4,1018.1,1017.5,,,,,,,
25,9:00,230,3,2.8,2.7,,,99,,,,,999.3,1018.1,1017.4,,,,,,,
25,10:00,246,3,2.3,2.2,,,99,,,,,999.3,1018.1,1017.4,,,,,,,
25,11:00,217,4,1.9,1.8,,,99,,,,,999.2,1018,1017.3,,,,,,,
25,12:00,221,5,1.8,1.4,1.5,,97,,,,,999.1,1018,1017.2,,,,,,,s/p
25,13:00,242,3,2.2,1.6,,,96,,,10000,,998.7,1017.5,1016.8,4,1,1,3,3,1200,
25,14:00,224,6,3.5,2.6,,,94,,,10000,,998.8,1017.5,1016.9,5,5,0,3,3,3000,
25,15:00,249,6,4.6,3.3,,,91,2,10000,10000,,999.2,1017.8,1017.3,5,4,0,3,3,3000,
25,16:00,238,6,5.6,3.5,,,86,,,10000,,998.6,1017.1,1016.7,7,2,1,7,7,1200,
25,17:00,,2,6.9,4.1,,,82,,,10000,,998.1,1016.5,1016.2,5,5,0,3,3,3000,
25,18:00,214,7,8,4.6,,,79,2,10000,10000,,997,1015.4,1015,6,6,0,7,7,3000,s/p
25,19:00,253,2,8.8,5.2,,,78,,,7000,,997.3,1015.6,1015.3,7,7,0,5,5,3000,
25,20:00,288,3,9.2,5.8,,,79,,,7000,,997.7,1016,1015.8,7,7,0,5,5,3000,
25,21:00,53,4,8.1,6.9,,,92,5,7000,7000,,997.8,1016.2,1015.9,7,3,2,2,2,1800,
25,22:00,58,1,7.2,6.3,,,94,,,6000,,997.9,1016.3,1016,7,3,2,5,5,1500,
25,23:00,,,,,,,,,,,,,,,,,,,,,
26,0:00,0,0,6.2,5.8,,9.2,97,,,,,998,1016.5,1016.1,,,,,,,0.4
26,1:00,0,0,5.4,5.1,,,98,,,,,998.2,1016.8,1016.3,,,,,,,
26,2:00,104,4,4.7,4.4,,,98,,,,,997.8,1016.4,1015.9,,,,,,,
26,3:00,76,5,4,3.9,,,99,,,,,997.6,1016.3,1015.7,,,,,,,
26,4:00,80,4,3.1,3,,,99,,,,,997.6,1016.3,1015.7,,,,,,,
26,5:00,0,0,2.5,2.4,,,99,,,,,998,1016.8,1016.1,,,,,,,
26,6:00,74,4,1.6,1.6,,,100,,,,,998,1016.8,1016.1,,,,,,,s/p
26,7:00,,,,,,,,,,,,,,,,,,,,,
26,8:00,352,3,3.1,2.4,,,95,,,,,998.2,1016.9,1016.3,,,,,,,
26,9:00,43,4,3.1,2.5,,,96,,,,,998.3,1017,1016.4,,,,,,,
26,10:00,30,4,3.3,2.6,,,95,,,,,998.5,1017.2,1016.6,,,,,,,
26,11:00,37,6,4.1,3.4,,,95,,,,,999.2,1017.9,1017.3,,,,,,,
26,12:00,40,5,6,5.3,1.4,,95,,,,,1000.2,1018.8,1018.4,,,,,,,s/p
26,13:00,57,8,7.7,6.3,,,91,,,7000,,1000.7,1019.1,1018.8,7,2,1,4,4,600,
26,14:00,44,9,9,7.3,,,89,,,10000,,1000.9,1019.3,1019,7,3,1,5,5,600,
26,15:00,35,4,10.1,8.2,,,88,2,10000,10000,,1001.3,1019.6,1019.4,8,4,1,5,,300,
26,16:00,17,6,11.3,8.7,,,84,,,10000,,1001.4,1019.6,1019.5,8,6,2,4,,600,
26,17:00,21,8,12.3,9,,,80,,,10000,,1001,1019.1,1019.1,7,4,2,5,5,600,
26,18:00,22,8,12.9,8.8,,,76,2,10000,10000,,1000.6,1018.7,1018.7,7,4,2,4,4,600,s/p
26,19:00,16,8,13,9.3,,,78,,,10000,,1000.3,1018.4,1018.4,7,5,1,3,3,900,
26,20:00,14,9,12.9,8.8,,,76,,,10000,,1000.2,1018.3,1018.3,8,5,1,0,0,900,
26,21:00,54,7,12.5,9,,,79,2,10000,10000,,1000.3,1018.4,1018.4,8,5,1,7,7,900,
26,22:00,36,4,11.5,9.1,,,85,,,10000,,1000.7,1018.9,1018.8,8,5,1,,,900,
26,23:00,46,3,10.9,9.7,,,92,,,,,1001,1019.3,1019.2,,,,,,,
27,0:00,43,6,9.7,8.8,,13.5,94,,,,,1001.2,1019.6,1019.4,,,,,,,0.2
27,1:00,37,5,9.7,8.6,,,93,,,,,1000.9,1019.2,1019.1,,,,,,,
27,2:00,63,3,7.7,7.1,,,96,,,,,1000.8,1019.3,1019,,,,,,,
27,3:00,101,2,7.1,7,,,99,,,,,1001.1,1019.6,1019.3,,,,,,,
27,4:00,33,4,5.8,5.5,,,98,,,,,1001.2,1019.8,1019.4,,,,,,,
27,5:00,48,6,5.5,5.4,,,99,,,,,1001.3,1020,1019.5,,,,,,,
27,6:00,76,7,5.6,5.2,,,97,,,,,1001.2,1019.8,1019.4,,,,,,,s/p
27,7:00,89,5,5.5,4.9,,,96,,,,,1001.1,1019.7,1019.3,,,,,,,
27,8:00,41,4,6,5.4,,,96,,,,,1001,1019.6,1019.2,,,,,,,
27,9:00,275,3,6.2,5.9,,,98,,,,,1001.1,1019.7,1019.3,,,,,,,
27,10:00,104,3,5.5,5.2,,,98,,,,,1000.7,1019.3,1018.9,,,,,,,
27,11:00,74,1,3.8,3.7,,,99,,,,,1000.8,1019.5,1019,,,,,,,
27,12:00,114,2,2.5,2.4,2.3,,99,,,,,1001.3,1020.1,1019.5,,,,,,,s/p
27,13:00,90,1,3.5,3.5,,,100,,,900,,1001.5,1020.2,1019.6,2,0,0,0,0,6000,
27,14:00,67,3,8.1,6.6,,,90,,,3500,,1002.1,1020.5,1020.2,3,3,0,6,6,3000,
27,15:00,22,4,11.1,8.3,,,83,5,6000,6000,,1002.4,1020.7,1020.5,2,2,0,3,3,3000,
27,16:00,270,2,12.9,8.8,,,76,,,10000,,1002.6,1020.7,1020.7,1,1,0,3,3,3000,
27,17:00,,2,13.7,8.8,,,72,,,10000,,1002.5,1020.6,1020.6,2,2,0,3,3,3000,
27,18:00,349,5,15,9.4,,,69,0,10000,10000,,1002.9,1020.9,1021,2,2,0,3,3,3000,s/p
27,19:00,357,9,14.5,8.9,,,69,,,10000,,1003.2,1021.2,1021.4,2,1,1,0,0,1200,
27,20:00,23,8,14.3,9,,,70,,,10000,,1003.7,1021.8,1021.9,4,4,1,0,0,1200,
27,21:00,25,8,13.1,9,,,76,2,10000,10000,,1004.4,1022.6,1022.6,5,5,1,0,0,1200,
27,22:00,31,7,11.9,9,,,82,,,10000,,1005,1023.2,1023.2,5,4,1,3,3,1200,
27,23:00,21,6,11.2,8.4,,,83,,,,,1005.9,1024.2,1024.2,,,,,,,
28,0:00,39,5,9.3,7.9,,15.3,91,,,,,1006.1,1024.6,1024.3,,,,,,,s/p
28,1:00,21,5,8.3,7.5,,,95,,,,,1006.8,1025.4,1025.1,,,,,,,
28,2:00,36,6,8.7,7.6,,,93,,,,,1007.1,1025.6,1025.4,,,,,,,
28,3:00,34,6,9.4,8,,,91,,,,,1007.7,1026.2,1026,,,,,,,
28,4:00,30,9,10.4,8.5,,,88,,,,,1008.4,1026.8,1026.7,,,,,,,
28,5:00,25,10,11.1,8.5,,,84,,,,,1008.8,1027.2,1027.1,,,,,,,
28,6:00,39,12,10.8,8.1,,,83,,,,,1008.2,1026.6,1026.5,,,,,,,s/p
28,7:00,36,11,10.6,7.8,,,83,,,,,1008.3,1026.7,1026.6,,,,,,,
28,8:00,30,11,10.3,7.2,,,81,,,,,1008.2,1026.7,1026.5,,,,,,,
28,9:00,,,,,,,,,,,,,,,,,,,,,
28,10:00,27,9,9.7,7,,,83,,,,,1008.5,1027,1026.8,,,,,,,
28,11:00,42,12,9.9,6.6,,,80,,,,,1007.7,1026.2,1026,,,,,,,
28,12:00,29,10,10.2,6.4,7.8,,77,,,,,1008.2,1026.7,1026.5,,,,,,,s/p
28,13:00,38,13,10.5,6.3,,,75,,,10000,,1007.7,1026.1,1025.9,7,3,1,5,5,600,
28,14:00,41,12,11.1,6.1,,,71,,,10000,,1008.1,1026.4,1026.3,8,4,2,5,,600,
28,15:00,39,10,11.1,6.3,,,72,3,10000,10000,,1008.4,1026.8,1026.6,8,4,2,5,,600,
28,16:00,36,8,11.3,6.7,,,73,,,10000,,1008,1026.3,1026.2,8,2,2,5,,600,
28,17:00,29,10,11.4,6.6,,,72,,,10000,,1006.8,1025.1,1025,7,4,4,6,6,1200,
28,18:00,12,7,11.5,6.9,,,73,2,10000,10000,,1006.8,1025.1,1025,7,4,2,6,6,600,s/p
28,19:00,25,11,11.5,7.3,,,75,,,10000,,1005.7,1023.9,1023.8,8,4,2,5,,600,
28,20:00,37,8,11.4,7,,,74,,,10000,,1004.9,1023.3,1023.1,8,8,0,5,,2100,
28,21:00,51,10,11.4,6.6,,,72,2,10000,10000,,1004.3,1022.6,1022.5,8,5,2,,,900,
28,22:00,56,7,10.8,7.1,,,78,,,10000,,1004.4,1022.7,1022.6,8,8,0,5,,2100,
28,23:00,66,11,10.1,7.2,,,82,,,,,1003.8,1022.2,1022,,,,,,,
29,0:00,42,8,10.6,6.6,,11.6,76,,,,,1003.1,1021.4,1021.3,,,,,,,0.2
29,1:00,51,9,10.4,7.1,,,80,,,,,1003.2,1021.5,1021.4,,,,,,,
29,2:00,24,3,10,7.1,,,82,,,,,1003.3,1021.7,1021.5,,,,,,,
29,3:00,16,6,10.5,7.2,,,80,,,,,1002.8,1021.1,1021,,,,,,,
29,4:00,15,10,10.9,7.4,,,79,,,,,1002.2,1020.5,1020.4,,,,,,,
29,5:00,13,9,11.1,8,,,81,,,,,1001.8,1020.1,1020,,,,,,,
29,6:00,14,11,11.3,8.2,,,81,,,,,1001.3,1019.6,1019.5,,,,,,,s/p
29,7:00,25,9,10.9,8.5,,,85,,,,,1001,1019.3,1019.2,,,,,,,
29,8:00,27,14,10.8,9.1,,,89,,,,,999.8,1018.1,1017.9,,,,,,,
29,9:00,31,12,10.5,8.6,,,88,,,,,998.7,1017,1016.8,,,,,,,
29,10:00,19,13,9.9,8.8,,,93,,,,,998.3,1016.6,1016.4,,,,,,,
29,11:00,12,15,10.2,9.6,,,96,,,,,998.6,1016.9,1016.7,,,,,,,
29,12:00,3,12,10.3,9.7,9.8,,96,,,,,999.2,1017.5,1017.3,,,,,,,9.6
29,13:00,8,11,10.1,9.8,,,98,,,800,,999.7,1018,1017.8,8,8,4,,,120,
29,14:00,21,10,10.2,9.9,,,98,,,800,,1000.2,1018.5,1018.3,8,8,4,,,120,
29,15:00,8,4,10.9,10.8,,,99,21,2000,20000,,1000.7,1018.9,1018.8,8,8,4,,,180,
29,16:00,30,7,12,11,,,97,,,2000,,1001.1,1019.3,1019.2,8,8,5,,,180,
29,17:00,321,7,13.2,11.9,,,92,,,5000,,1001.3,1019.4,1019.4,6,4,1,0,0,180,
29,18:00,298,9,15.3,9.3,,,67,5,7000,7000,,1001.3,1019.3,1019.4,5,5,9,0,0,600,5.2
29,19:00,287,9,15.6,7.4,,,58,,,7000,,1001.6,1019.5,1019.7,5,5,2,0,0,900,
29,20:00,295,9,15.2,7.6,,,60,,,10000,,1002.4,1020.4,1020.5,5,5,2,0,0,900,
29,21:00,287,7,13.9,7.3,,,64,1,10000,10000,,1002.8,1020.9,1020.9,4,4,2,0,0,900,
29,22:00,283,5,11.7,7.1,,,73,,,10000,,1003.5,1021.7,1021.7,4,2,9,0,0,900,
29,23:00,269,4,10.3,6.5,,,77,,,,,1004,1022.4,1022.2,,,,,,,
30,0:00,252,3,7.5,6.1,,16,91,,,,,1004.3,1022.9,1022.5,,,,,,,s/p
30,1:00,114,4,6.9,6,,,94,,,,,1005,1023.6,1023.2,,,,,,,
30,2:00,83,4,5.6,5.2,,,97,,,,,1005.1,1023.8,1023.3,,,,,,,
30,3:00,125,3,4.7,4.4,,,98,,,,,1005.3,1024.1,1023.5,,,,,,,
30,4:00,111,3,3.8,3.7,,,99,,,,,1004.8,1023.6,1023,,,,,,,
30,5:00,158,4,3.5,3.4,,,99,,,,,1004.2,1023,1022.4,,,,,,,
30,6:00,107,2,2.9,2.8,,,99,,,,,1003.6,1022.5,1021.8,,,,,,,s/p
30,7:00,201,2,2.1,2,,,99,,,,,1002.9,1021.8,1021.1,,,,,,,
30,8:00,231,1,1.3,1.2,,,99,,,,,1002.6,1021.5,1020.8,,,,,,,
30,9:00,195,3,1.5,1.4,,,99,,,,,1002,1020.9,1020.2,,,,,,,
30,10:00,333,2,0.1,0.1,,,100,,,,,1001,1020,1019.2,,,,,,,
30,11:00,263,2,-0.2,-0.2,,,100,,,,,1000.9,1019.9,1019.1,,,,,,,
30,12:00,160,2,0,0,-0.5,,100,,,,,1000.8,1019.8,1019,,,,,,,s/p
30,13:00,41,2,0.5,0.5,,,100,,,200,,1000.9,1019.8,1019,9,,,,,,
30,14:00,70,2,1.7,1.7,,,100,,,300,,1000.6,1019.4,1018.7,9,,,,,,
30,15:00,60,6,3,3,,,100,10,1000,1000,,999.4,1018.1,1017.5,8,8,6,,,60,
30,16:00,337,4,4.6,3.8,,,94,,,4000,,998.8,1017.4,1016.9,8,4,6,3,,600,
30,17:00,305,4,5.5,4.6,,,94,,,10000,,997.6,1016.1,1015.7,7,7,0,5,5,2100,
30,18:00,45,4,6.3,4.9,,,91,5,7000,7000,,996.7,1015.2,1014.7,7,7,0,3,3,2100,s/p
30,19:00,69,9,6.3,4.6,,,89,,,10000,,995.1,1013.5,1013.1,8,3,1,6,,900,
30,20:00,38,7,6.7,5,,,89,,,10000,,994.7,1013.1,1012.7,8,8,4,,,1500,
30,21:00,52,10,7,5.3,,,89,0,10000,10000,,994,1012.4,1012,8,8,0,3,3,2100,
30,22:00,54,7,7.6,5.9,,,89,,,5000,,993.5,1011.8,1011.5,8,8,4,,,900,
30,23:00,43,13,8.9,7.2,,,89,,,,,992.2,1010.5,1010.2,,,,,,,
